Isaak,isak,Barcelona,2020-11-14
nikolaus,nik,Russian,2020-11-14
playpongis,Pongis,Japan,2020-11-14
PMFarma,PMFarma,España,2020-11-14
__subwaysurfer,Subway Surfer,"South East, England",2020-11-14
TrungTi41138261,Trung Tin,USA,2020-11-14
HealthandEnv,Health and Environment Alliance (HEAL),"Brussels, Belgium",2020-11-14
graffiti_bot,graffiti_bot,,2020-11-14
jobs_language,Jobs in Europe,,2020-11-14
laserbarcelona,Justo Heras,,2020-11-14moore2nick,Nicholas Moore,Dubai,2020-11-14
SoccerWalksNYC,Soccer Walks NYC,"New York, NY",2020-11-14
PerumalSports,Perumal,,2020-11-14
jobely,Jobely.com,USA,2020-11-14
TheOnlyTaps,Tapiwa Winston Muza,Zidane's basement,2020-11-14
DiegoLorijn,Diego Lorijn,"Barcelona, Spain",2020-11-14
AppeningWhats,whats appening podcast,,2020-11-14
WatchOurCity,WatchOurCity.com,California,2020-11-14
IExpressSports,Express Sports,New Delhi,2020-11-14
bibliotequesXBM,BibliotequesXBM,Barcelona,2020-11-14
FilmMusicTracks,Film Music Tracks,World,2020-11-14
Sarao_Music,SaraoMusic,Production Music Label,2020-11-14
ghostntmachine,GhostintheMachine,"EastEnd, London",2020-11-14
f1fanview,f1fanview,Worldwide,2020-11-14
PeterArde,Pietro Ardemagni,"Milano, Lombardia",2020-11-14
snoddas13,Pisse Mugg,,2020-11-14
swajones,Sam Jones,,2020-11-14
noreenwriter,Noreen Kompanik,"San Diego, CA",2020-11-14
75LT75,TI75Lima75,,2020-11-14
DevMicrocosm,Dev Microcosm,,2020-11-14
fiddi,David Schneider,"Barcelona, Spain",2020-11-14
Taktiskse,Taktisk,,2020-11-14
myfoodfantasy69,Charles Friedo Frize,"Manchester, England",2020-11-14
EpaddockIT,Epaddock,Italia 🇮🇹 🏁,2020-11-14
Laura_GastroN,Laura Díaz Cañadas,"Miraflores de la Sierra, España",2020-11-14
Laura_GastroN,Laura Díaz Cañadas,"Miraflores de la Sierra, España",2020-11-14
SkillsearchJobs,SkillsearchGamesJobs,,2020-11-14
FrikiFishBCN,FrikiFish,"Barcelona, Spain",2020-11-14
Gabriels_Mok,Mr Mok,Barcelona-Spain,2020-11-14
AgilentCareers,Agilent Careers,Worldwide,2020-11-14
marcosbustabad,marcos bustabad,,2020-11-14
carrersBCN,Carrers BCN,"Barcelona, Spain",2020-11-14
Vineet1016,38th Parallel,"Kaech'ŏn, DPRK 🇰🇵",2020-11-14
CanalanzaCBD,Club Cannabis Canalanza,"Puerto del carmen, Lanzarote, ",2020-11-14
HarleyD74475812,Harley Davidson,,2020-11-14
ghostntmachine,GhostintheMachine,"EastEnd, London",2020-11-14
TheTravelBag1,The Travel Bag,,2020-11-14
Ariadnaclapes,Ariadna Clapés,,2020-11-14
adrianferrari,Adrian Ferrari,Sorocaba - SP / Brasil,2020-11-14
JacobOke3,Jacob Oke,"Imo, Nigeria",2020-11-14
AmakaAgwu2,Amaka Agwu,"Lagos, Nigeria",2020-11-14
TundeOshodi5,Tunde Oshodi,"Ogun, Nigeria",2020-11-14
mayowa_yemi,Yemi Mayowa,"Kano, Nigeria",2020-11-14
MagnusRanstorp,Magnus Ranstorp,Stockholm,2020-11-14
CFOPUBREL,CHARLES IGBINIDU,Nigeria,2020-11-14
BisolaJohn1,Bisola John,"Ogun, Nigeria",2020-11-14
Christi07205035,Christian Ifeanyi,"Asaba, Nigeria",2020-11-14
NwosuGift9,Nwosu Gift,"Abuja, Nigeria",2020-11-14
SSusannaturisme,Santa Susanna,"Santa Susanna, España",2020-11-14
BisolaJohn1,Bisola John,"Ogun, Nigeria",2020-11-14
phacus_bcn,Francesc Camí,"Barcelona, Catalunya",2020-11-14
DevMicrocosm,Dev Microcosm,,2020-11-14
BerlinFmi,FMI BERLIN,,2020-11-14
Andreilinho,Andreilinho,,2020-11-14
daniguties,Dani Gutiérrez,"Masquefa, Barcelona",2020-11-14
WatchOurCity,WatchOurCity.com,California,2020-11-14
VMurzio,Veronica Murzio,"Translator, Customer Care",2020-11-14
AnnikaPatregna1,Annika Patregnani,,2020-11-14
zprcampbell,Zac Campbell,"London, England",2020-11-14
Hangry_es,Hangry,Madrid,2020-11-14
SMARTEESproject,SMARTEESproject,Europe,2020-11-14
ascameorg,ASCAME 🌍,Barcelona,2020-11-14
petitejean1,jeannie,,2020-11-14
SkillsearchJobs,SkillsearchGamesJobs,,2020-11-14
izziey68,izziddeen Adam,"kaduna, Nigeria ",2020-11-14
DominiqueDebay,Dominique Debay,Manhattan - New York,2020-11-14
raffpantucci,Raffaello Pantucci,,2020-11-14
SecretsAndSpies,Secrets & Spies Podcast (The Dry CleanerCast),Worldwide & Behind you :),2020-11-14
WillBaldet,William Baldét MBE,United Kingdom,2020-11-14
OlivierGuitta,Olivier Guitta,London,2020-11-14
tigrillovlog,fan de tigrillovlog,Santa cruz de tenerife,2020-11-14
TorivoJobs,Torivo,United Kingdom,2020-11-14
TorivoJobs,Torivo,United Kingdom,2020-11-14
EngineersDay,Engineering Daily,"Atlanta, GA USA",2020-11-14
EngineersDay,Engineering Daily,"Atlanta, GA USA",2020-11-14
DOLFINHO4,DOLFINHO,,2020-11-14
Rahul_Jain_Here,Rahul Jain,,2020-11-14
LucidXtreme,LucidXtreme,Earth,2020-11-14
HeadlineFutbol,Headline Football,,2020-11-14
onedayoneimage,OneDay Photography,"Brooklyn, NY",2020-11-14
enriclopezj,Enric López Jurado/♥️🇪🇺,Barcelona / Brussels,2020-11-14
Sportsmonks,SportsMonks,worldwide,2020-11-14
ChopFishandMore,ChopFish&More,Nigeria,2020-11-14
PapatyaKaradede,Papatya Karadede,"İstanbul, Türkiye",2020-11-14
tripstations,Tripstations,United States,2020-11-14
Barcinno,Barcinno,"Barcelona, Spain",2020-11-14
grepUPF,Prosodic Studies Group (GrEP),"Barcelona, Catalunya",2020-11-14
Tuko_co_ke,Tuko.co.ke,"Nairobi, Kenya",2020-11-14
Sirkomayalee1,Godisgood,,2020-11-14
JuliaFloritPons,Júlia Florit-Pons,Barcelona; Menorca,2020-11-14
thesuitesBCN,thesuites Barcelona,"Barcelona, España",2020-11-14
Never1Surrender,Iglesias Etxezarreta,Barcelona,2020-11-14
ESlanguagejobs,Europe Language Jobs- Job board for jobs abroad,Spain,2020-11-14
betsihill,"Betsi, Betsi's World","Florida, USA",2020-11-14
sle7in1,Sle7in,,2020-11-14
sle7in1,Sle7in,,2020-11-14
Veronic62377337,Veronica,,2020-11-14
Veronic62377337,Veronica,,2020-11-14
Veronic62377337,Veronica,,2020-11-14
Veronic62377337,Veronica,,2020-11-14
MBenedejcic,Minca Benedejčič,Ljubljana,2020-11-14
citiesthefuture,Cities Of The Future,Barcelona,2020-11-14
Timoalan,Timo Alan,"Cape Town, South Africa",2020-11-14
glee_sports,GleeSports,,2020-11-14
ErimConsulting,ERIM Consulting,Global,2020-11-14
_Wanderlusters_,Wanderlusters,,2020-11-14
AllegoryPR,Lisa Morales,Miami,2020-11-14
isolutions_bcn,isolutions Barcelona,Barcelona,2020-11-14
davi326,Andrew Davis,"London, England",2020-11-14
RUZA1234,Ruairi O'Brien-Kelly,"Melbourne, Australia",2020-11-14
ingridvilag,"Ingrid Vilà-Giménez, PhD","Girona-Barcelona, Catalunya",2020-11-14
emploi_abroad,Emploi à l'étranger,France,2020-11-14
aethon99,AETHON,,2020-11-14
IvicaPodnar,ivica,the centre of toronto,2020-11-14
iam_lil_jojo,Usman Jaafaru Abubakar,Nigeria,2020-11-14
ESlanguagejobs,Europe Language Jobs- Job board for jobs abroad,Spain,2020-11-14
SMARTEESproject,SMARTEESproject,Europe,2020-11-14
Drbawa11,🥇Isma’eel B🥇,"Shika, Nigeria",2020-11-14
Runkyc_,U_M_M_I_E🌺,,2020-11-14
9ja_phonestore,9japhonestore | KADUNA CARS,MAKARFI PLAZA KADUNA,2020-11-14
BoxesStores,Lightbox Good Man,United States,2020-11-14
evacarbo1,Eva Carbó Estrada,"Barcelona, Catalunya",2020-11-14
JorgeH_NunezCOT,Jorge H. Núñez,Barcelona,2020-11-14
livescore,LiveScore,URL,2020-11-14
Takking_gou,hatena_tao,Japan,2020-11-14
agoraphobic101,Nabin (Riqui Puig FC),Kathmandu,2020-11-14
hart_engel,Hart Engel,Toronto 🇨🇦,2020-11-14
nitl_app,NITL,Global,2020-11-14
LeVanKh83996937,Le Van Khai,laos,2020-11-14
9mPjdqBOpmXEpat,Ирина П,,2020-11-14
EU_group,EU Business School,"BCN, GVA, MTX, MUC",2020-11-14
BartHanssens,Bart Hanssens,Belgium,2020-11-14
onomsalam2pas,onom,,2020-11-14
citiesthefuture,Cities Of The Future,Barcelona,2020-11-14
rocioruizsa,Rocío Ruiz,,2020-11-14
BrainsreNews,Brainsre News,,2020-11-14
StephanosEco,Stephanos Economides,"Athens, Greece",2020-11-14
Joinup_eu,Joinup.eu,"Brussels, Belgium",2020-11-14
iMarketingHotel,Ramona Kramp,D - Bayern und ES - Malaga,2020-11-14
camnnine,çämērøń,Gaillimh,2020-11-14
grecil_lab,Grecil Lab (UOC-UB),"Barcelona, Cataluña",2020-11-14
m3_artworks,𝕸3_𝖆𝖗𝖙𝖜𝖔𝖗𝖐𝖘,"Barcelona, España",2020-11-14
InsideSportIND,InsideSport,"नई दिल्ली, भारत",2020-11-14
GauthamSingh152,Gautham Singh Lodh 🍁,"Hyderabad, India",2020-11-14
dna,DNA,India,2020-11-14
hautahbuhgee,Curtis D. Hutcherson,korea,2020-11-14
NiaOlivaB,Estefania Oliva Bust,"Santiago, Chile",2020-11-14
ESlanguagejobs,Europe Language Jobs- Job board for jobs abroad,Spain,2020-11-14
OrujosElCoteron,🍇 Orujos El Coterón ⚗︎,Argüébanes-Liébana-Cantabria,2020-11-14
oman170490,𝓃.𝓇.𝓃𝒶𝓇𝒶𝓎𝒶𝓃 ᴡɪᴛʜᴏᴜᴛ ᴍᴀʟɪᴄᴇ ɪɴ 🐥 ʟᴀɴᴅ 🌹,"Muscat, Oman",2020-11-14
betsmasterpro,Williams Iwu,"Jos,Nigeria",2020-11-14
IntelliTraveler,Intelligent Traveler,,2020-11-14
livescore,LiveScore,URL,2020-11-14
Hangar_org,Hangar.org,"Emilia Coranty, 16. Barcelona",2020-11-14
abhi_7_jit,Abhijit Debnath,India,2020-11-14
Hostalremona,▸ Hostal Remoña 🏡 Turismo Rural,"Espinama, España",2020-11-14
Martian171Lars,Lars Larsen,"Austin, TX",2020-11-14
vidisorin,Vidisorin,"Bucharest, Bucureşti",2020-11-14
esberginia,Esbergínia ·.,"Barcelona, CAT.",2020-11-14
Trofeo_21,Merovingian,,2020-11-14
PilarPVives,Pilar Prieto 🌹🎗,,2020-11-14
_Wanderlusters_,Wanderlusters,,2020-11-14
AlexandraNGlz,Alexandra Navarrete,Barcelona,2020-11-14
IgualadaAlfonso,Alfonso Igualada,,2020-11-14
Fola_jnr20,DMW's Last Shild🖤🦋,,2020-11-14
ss2577171,aditya,,2020-11-14
Hashtag_Caps,Hashtag Caps,España,2020-11-14
DerKaiserFrank,Kaiser Frank,,2020-11-14
emeka6010,Emeka,,2020-11-14
Stefano4118899,pєԀяo zєє™,Nevada ,2020-11-14
nidibou,nidibou,,2020-11-14
academia_l,l.ACADEMIA,,2020-11-14
livescore,LiveScore,URL,2020-11-14
BvonStamm,Bettina von Stamm,UK,2020-11-14
BarcelonaCsrc,CSRC_Barcelona,"Barcelona, Cataluña",2020-11-14
PSG24hours,PSG en Direct 🌐,Parc des Princes,2020-11-14
MasdeSantLlei,Mas de Sant Lleí,Barcelona,2020-11-14
Adeyemi62306626,Adeyemi Opeyemi,,2020-11-14
rosa_g_abella,Rosa Garcia Abella,,2020-11-14
TocHostels,Toc Hostels,España,2020-11-14
NatJanne,Nathalie Janne,Bruxelles,2020-11-14
academia_l,l.ACADEMIA,,2020-11-14
NorakBaleares,Bernd - NORAK Group,Palma de Mallorca - Spain,2020-11-14
academia_l,l.ACADEMIA,,2020-11-14
LeagueThatDay,League that Day,Europe,2020-11-14
civil_spanish,TheSpanishCivilWar,"Edinburgh, Scotland",2020-11-14
netbuzzafrica,Netbuzz Africa,Africa,2020-11-14
Clement_Steuer,Clément Steuer,,2020-11-14
marc_guerrero,Marc Guerrero ⚡️,"Pedralbes, Barcelona",2020-11-14
NowgoalScore,Nowgoal Livescore,,2020-11-14
helpHousing_,helpHousing,"Calle Gran Vía, 22B, Madrid",2020-11-14
CDakuku,Somtochukwu Kalu,Nigeria ,2020-11-14
CNIC_CARDIO,CNIC,"Madrid, Spain",2020-11-14
trialmaster,Trialmaster,Europe ,2020-11-14
VicoSalama,Victor Salama,,2020-11-14
Roca_Junyent,Roca Junyent,Spain,2020-11-14
SunshineAdorer,Sunshine Adorer| Traveller| Travel blog,Where the sun shines. ,2020-11-14
EuroMedRights,EuroMed Rights,"Copenhagen, Brussels, Tunis",2020-11-14
bois_dinde,Bois d'Inde,paris,2020-11-14
GemaGruesoOtalo,Gema Grueso Otalo,Madrid Spain,2020-11-14
cosyblogclub,The Cosy Bloggers’ Club,,2020-11-14
JFA_unijuntos,JFA-Unijuntos,France,2020-11-14
BloggersTribe,💻BloggersTribe💻,United Kingdom,2020-11-14
citiesthefuture,Cities Of The Future,Barcelona,2020-11-14
LasTapasDeLola,Las Tapas De Lola,"12 Wexford Street, Dublin 2",2020-11-14
ESlanguagejobs,Europe Language Jobs- Job board for jobs abroad,Spain,2020-11-14
VetteLetters,VetteLetters,"Amsterdam, The Netherlands",2020-11-14
NorakGroup,Stephan Oeller,Madrid - Munich - Hong Kong,2020-11-14
FootTheBall,FootTheBall,Locker Room,2020-11-14
llucetina,Lídia Pifarré⚡,Barcelona,2020-11-14
uvalenti,Ugo Valenti - #SCLive2020,Barcelona,2020-11-14
uvalenti,Ugo Valenti - #SCLive2020,Barcelona,2020-11-14
365Scores,365Scores,,2020-11-14
Norakgijon,Jaime - NORAK Group,Gijón  - Spain,2020-11-14
NorakBarcelona,BCN - NORAK Group,Barcelona .- Spain,2020-11-14
JuliaMirallesdI,Júlia Miralles de Imperial,Barcelona,2020-11-14
ArtsAtCERN,Arts at CERN,"CERN. Geneva, Switzerland.",2020-11-14
cricketn_live,CricketnLive.com,Punjab,2020-11-14
cricketn_live,CricketnLive.com,Punjab,2020-11-14
BelfortCentre,Belfort Language centre,Barcelona,2020-11-14
playpongis,Pongis,Japan,2020-11-14
playpongis,Pongis,Japan,2020-11-14
playpongis,Pongis,Japan,2020-11-14
PMFarma,PMFarma,España,2020-11-14
__subwaysurfer,Subway Surfer,"South East, England",2020-11-14
TrungTi41138261,Trung Tin,USA,2020-11-14
HealthandEnv,Health and Environment Alliance (HEAL),"Brussels, Belgium",2020-11-14
graffiti_bot,graffiti_bot,,2020-11-14
jobs_language,Jobs in Europe,,2020-11-14
laserbarcelona,Justo Heras,,2020-11-14
Outlookindia,Outlook Magazine,"New Delhi, India",2020-11-14
50BestBars,50BestBars,,2020-11-14
ThilanWijegunar,Thilan Wijegunaratne,Sri Lanka (Ceylon),2020-11-14
Wallspot_org,wallspot,,2020-11-14
An77Ver,An77Ver,,2020-11-14
Coxill_Andrew,Andy,Wales,2020-11-14
Skorewit,Skorewit,Madrid España,2020-11-14
ESlanguagejobs,Europe Language Jobs- Job board for jobs abroad,Spain,2020-11-14
against_beth,For God And Country 🇺🇸 🇮🇱,,2020-11-14
InfinityLoveEvy,MaryMar,"Madrid, España",2020-11-14
BTA_tennis,BTA,Spain,2020-11-14
fcbxshreya,SHREYA🌻,India,2020-11-14
BcnVIPtour,VIP BCN Tour Guides,"Av: Pau Casals, 38, 2º,5ª, BCN",2020-11-14
arbeitsplatz_EU,German Jobs Abroad,Germany,2020-11-14
ME_BCN,Michaela,"Barcelona, Spanien",2020-11-14
365Scores,365Scores,,2020-11-14
IQ_Bet,IQ-Bet.com,London - office@ltd-rs.com,2020-11-14
armelcastellan,Armel Castellan,UncededLekwungenTer/VictoriaBC,2020-11-14
PTRClinic1,John Rutherford MCSP DC HCPC PT Illinois USA,"Harley Street London, England",2020-11-14
Rose70022,Rose 🌹,"Scotland, United Kingdom",2020-11-14
joanlopezphoto,Joan López i Casanoves,"Barcelona, Espanya",2020-11-14
debbradb,Debbra Brouillette,"Evansville, IN",2020-11-14
MonkeyofParis,MonkeyofParis,"Paris, France",2020-11-14
TheKitmanUK,TheKitman.co.uk,"Bristol, England",2020-11-14
ZurdoSoledad,Soledad Sacristan Zurdo,,2020-11-14
LucaCisternino1,Bernardo ( Luca ) Soares,Italia,2020-11-14
joanlopezphoto,Joan López i Casanoves,"Barcelona, Espanya",2020-11-14
pedro_torres_m,Pedro Torres 📡,"Dammarie-les-Lys, France",2020-11-14
Rose70022,Rose 🌹,"Scotland, United Kingdom",2020-11-14
MisuMisuRecords,Misu Misu Records,"Marbella, España",2020-11-14
joanlopezphoto,Joan López i Casanoves,"Barcelona, Espanya",2020-11-14
WanderlustXL,🏳️‍🌈 #WanderlustXL 🏳️‍🌈,Republic of the Philippines,2020-11-14
PSG24hours,PSG en Direct 🌐,Parc des Princes,2020-11-14
agbudeufuoma,Agbude Ufuoma,Warri Nigeria,2020-11-14
AkinosiBenjamin,Akin,,2020-11-14
tripwellness,Elaine J Masters,"San Diego, CA",2020-11-14
FootTheBall,FootTheBall,Locker Room,2020-11-14
Judi_Cohen,Travelingjudi,"Toronto, Ontario",2020-11-14
Outlookindia,Outlook Magazine,"New Delhi, India",2020-11-14
soccerfanatictv,Soccer Fanatic TV,,2020-11-14
cricketn_live,CricketnLive.com,Punjab,2020-11-14
Harry_my_god16,AADIT IS ON NAUGHTY LIST ✨❣️,Eroda,2020-11-14
FootTheBall,FootTheBall,Locker Room,2020-11-14
soccerfanatichq,The Soccer Fanatic,,2020-11-14
ina39664845,ina,,2020-11-14
4ourdogs,Nikki,"South East, England",2020-11-14
Bobbstterr,Bob Garnham,Dear old Blighty,2020-11-14
ShadowBanned1,Shadow Banned,,2020-11-14
stu060381,Stuart,"West Midlands, England",2020-11-14
Natalie91231732,Natalie collins FBPE,,2020-11-14
avfcnewsgossip,AVFC News & Gossip,"Birmingham, England",2020-11-14
GulfAtlanticInd,"Gulf Atlantic Ind of America, Inc.",South Florida,2020-11-14
Americanwoman00,PRESIDENT-ELECT Freedom Lover,,2020-11-14
herreraj_2,Jordan Herrera,Right where I need to be   ,2020-11-14
AdamMilstein,Adam Milstein,Southern California,2020-11-14
BarcaHour,Barca Hour,India,2020-11-14
Gooner_Nate4,Nate,Southern California,2020-11-14
SoccerDid,Did Someone Say Soccer?,,2020-11-14
MEG_I_D,MEG Impressive Designs,,2020-11-14
MEG_I_D,MEG Impressive Designs,,2020-11-14
Veronic62377337,Veronica,,2020-11-14
Veronic62377337,Veronica,,2020-11-14
Veronic62377337,Veronica,,2020-11-14
Veronic62377337,Veronica,,2020-11-14
Veronic62377337,Veronica,,2020-11-14
Veronic62377337,Veronica,,2020-11-14
coky_find,Find to my coky,日本,2020-11-14
rb_weatherman,"Robby ""Brick"" Weatherman",United Arab Emireates,2020-11-14
kubodro,David Lee Drotar,Castleton-on-Hudson,2020-11-14
OluwatobaAmo,Alabosi-Yoruba,"Lagos, Nigeria",2020-11-14
OluwatobaAmo,Alabosi-Yoruba,"Lagos, Nigeria",2020-11-14
ghanaleaksblog,G.L.B.,"DM or Email dsai87207@gmail.com for promotions.
Ghana, Africa, US, Canada, UK, Europe, Asia.",2020-11-14
angelina_csc,Angelina Adinami,"Victoria Island, Nigeria",2020-11-14
samdave44124915,sam dave,,2020-11-14
LananaDidi,Dyan,"Québec, Canada",2020-11-14
AduakaJ,CryptoKING🤴,,2020-11-14
pamandgarybaker,PamandGaryBaker,,2020-11-14
Tonya_Hennessey,Tonya_Hennessey,"Vallejo, CA",2020-11-14
katywalls,Kathleen Walls,"Middleburg, Florida",2020-11-14
coky_find,Find to my coky,日本,2020-11-14
soccerfanatictv,Soccer Fanatic TV,,2020-11-14
annagestio,Anna Martí,Barcelona (Catalan Countries),2020-11-14
VizcainCarmen,Maria Carmen Vizcain,,2020-11-14
soccerfanatichq,The Soccer Fanatic,,2020-11-14
LiveSpo65514689,Live Sport,,2020-11-14
voyagewriters,Lori Sweet & Sylvio Roy,"Ontario, Canada",2020-11-14
Alba031__,𝖈𝕬𝖑𝖇𝖆,"Santander, España",2020-11-14
KurtzShar,shar_kurtz,"Dallas, TX",2020-11-14
IBN_Berlin,IBN-Berlin,Berlin,2020-11-14
rb_weatherman,"Robby ""Brick"" Weatherman",United Arab Emireates,2020-11-14
by__tft,tft #Resistance,"North Sea Coast, Germany",2020-11-14
hakimki80430161,hakim kimo,,2020-11-14
ernnews,ernnews,,2020-11-14
joelat___,Joel Vogt,"Allschwil, Schweiz",2020-11-14
Hany_jean,Rocky D Antonio,Norway_Oslo,2020-11-14
danideruiz,Dani Ruiz,Barcelona (España).,2020-11-14
_MarkMahon,Mark Mahon مارك ماهون,"NYC - Wash, DC ",2020-11-14
WbWse,∞ I Am WbWse ∞,Heaven(5D) on Earth(Gaia),2020-11-14
Dell1712,Dell17,,2020-11-14
ceIwstia,kay,she/they,2020-11-14
ceIwstia,kay,she/they,2020-11-14
WbWse,∞ I Am WbWse ∞,Heaven(5D) on Earth(Gaia),2020-11-14
WeatherAmeric,Weather America,,2020-11-14
kalleoellak,kalléo Hipolito,Manchester,2020-11-14
TheOmegaDork,Matthew Constantine,,2020-11-14
SeiKion,Jon,"Barcelona, España",2020-11-14
dbrecruit,Deanna Buchanan,Atlanta,2020-11-14
JazzCfree,Joan Carles-JazzC,Barcelona.,2020-11-14
jaqs53,JAQS,"Barcelona, España",2020-11-14
PhilHynes_,Phil Hynes,Ireland,2020-11-14
Doald12,Doald,,2020-11-14
tribescam,cameron,"Galway, Ireland",2020-11-14
bigezdaddy2017,Alfred Moesker - CASH stakepool,"Barcelona, Spain",2020-11-14
JcmorenoR23,JC,Barcelona-Madrid,2020-11-14
pollysaraujo1,pollysaraujo1,Recife,2020-11-14
BuenaVoluntadEA,Buena Voluntad de Emocionales Anónimos,"Barcelona, Spain",2020-11-14
TravelFilmer,World StockVideo,Germany,2020-11-14
AmadiChukwuebu4,𝑨𝒎𝒂𝒅𝒊 𝑪𝒉𝒖𝒌𝒘𝒖𝒆𝒃𝒖𝒌𝒂,Nigeria,2020-11-14
kiwiartistica,kiwiartistica,,2020-11-14
KelanOtto,Kelan Otto,,2020-11-14
HomenetInventor,Inventor.homenet,,2020-11-14
Biomedi_cat,Biomedicat,"Barcelona, España",2020-11-14
WeatherEurop,Weather Europe,,2020-11-14
marveladegbiji,𝕄𝕒𝕣𝕧𝕖𝕝𝕠𝕦𝕤 💥,,2020-11-14
__subwaysurfer,Subway Surfer,"South East, England",2020-11-14
homedesignbarna,homedesignbarcelona,Barcelona,2020-11-14
Barcelo_dona,Barcelodona,"Barcelona, España",2020-11-14
GEN_ETIC,Gen Etic,BARCELONA,2020-11-14
monvilalta,RAMON VILALTA,BARCELONA,2020-11-14
monvilalta,RAMON VILALTA,BARCELONA,2020-11-14
graffiti_bot,graffiti_bot,,2020-11-14
monicacurtorios,Monica,,2020-11-14
monicacurtorios,Monica,,2020-11-14
academia_l,l.ACADEMIA,,2020-11-14
academia_l,l.ACADEMIA,,2020-11-14
academia_l,l.ACADEMIA,,2020-11-14
jmhamiltonblog,J.M. Hamilton,🇨🇦🇺🇸🏳️‍🌈,2020-11-14
AuthorGaleLaure,G. Laure,"Houston area, Texas",2020-11-14
NEVENassoc,NEVEN association,"Martorell, España",2020-11-14
cricketn_live,CricketnLive.com,Punjab,2020-11-14
papillesetM,François Chartier,"Barcelona, Montreal.",2020-11-14
merouane_moh,merouane moh kamel,,2020-11-14
Wallspot_org,wallspot,,2020-11-14
vincenzogermano,Opera23,Barcelona,2020-11-14
LiverpoolFCKen2,Liverpool FC_Ke🇰🇪,,2020-11-14
NoemiPAH,Noemi,,2020-11-14
thgkblog,The Goalkeeping Blog,"South East, England",2020-11-14
PahNoguera,PAH La Noguera,Balaguer,2020-11-14
coky_find,Find to my coky,日本,2020-11-14
BrewBalcony,BalconyBrewReview,,2020-11-14
mutley7781,Malcolm Stoneman,,2020-11-14
IyandaIyanu,Iyanda iyanu,,2020-11-14
HowardsWayFilm,Everton Howard's Way,Goodison Park,2020-11-14
ath1194,Alan Hughes,Burbo Bank,2020-11-14
maubreakingnews,Breaking News Mau,"Maunath Bhanjan, UP, India",2020-11-14
tedsukar,Tedsukar,,2020-11-14
tedsukar,Tedsukar,,2020-11-14
PaulMBanks,Socially Distant Paul M Banks,"Gold Coast, Chicago, IL, USA",2020-11-14
coky_find,Find to my coky,日本,2020-11-14
bizflats,bizFlats,Barcelona,2020-11-14
the_prbb,Biomedicina BCN,Barcelona,2020-11-14
tedsukar,Tedsukar,,2020-11-14
sampsoid,David Sampson,,2020-11-14
lisagoldapple,Lisa Goldapple⚡,Barcelona 08 via London E8,2020-11-14
ARANERALEMO,MMP,Madrid España,2020-11-14
pina_krassov,Pina Krassovski,España,2020-11-14
PahNoguera,PAH La Noguera,Balaguer,2020-11-14
laughinglasses,Laughing Lasses,Newcastle upon Tyne,2020-11-14
JackieJ99020499,Jackie Jones,Earth,2020-11-14
LA_PAH,Afectadas por la hipoteca,Estatal,2020-11-14
ManUtdCorner7,Man Utd Corner,,2020-11-14
Lloyd_Dsouza03,Lloyd Dsouza,,2020-11-14
LeonCRi1,Leon Football🇬🇧🇯🇲,,2020-11-14
Sarao_Music,SaraoMusic,Production Music Label,2020-11-14
jobely,Jobely.com,USA,2020-11-14
DJDayslayer,DJ Dayslayer,"Los Angeles, CA",2020-11-14
VanThai78308430,Van Thai,CN,2020-11-14
The_Cule_,Aashirwad R,India,2020-11-14
clairesturz,TalesOfABackpacker🌍,"England, United Kingdom",2020-11-14
carlosgarridoHQ,Carlos Garrido 🗺 Adventure Traveler,,2020-11-14
LucasADWebber,Lucas Webber,,2020-11-14
BizzwordsUK,Bizzwords,United Kingdom,2020-11-14
sonosuite,SonoSuite,Spain,2020-11-14
11vs11art,11vs11.art ✏⚽️,,2020-11-14
anael_garlo,Ana Elvira García López,"Barcelona, España",2020-11-14
realstemar,Bop Daddy,"Lagos, Nigeria",2020-11-14
johnleewriter,John Lee,"Vancouver, British Columbia",2020-11-14
JD_1811,Josh Dugdale,"Barcelona, Spain",2020-11-14
PlusZeroConcept,Plus Zero Concept Store,🌍,2020-11-14
coky_find,Find to my coky,日本,2020-11-14
NguyenC52413625,Nguyen Cong Hung,ha noi - viet nam,2020-11-14
JD_1811,Josh Dugdale,"Barcelona, Spain",2020-11-14
besoccer_com,BeSoccer,,2020-11-14
JD_1811,Josh Dugdale,"Barcelona, Spain",2020-11-14
marisol68347645,marisol garcia,,2020-11-14
christophkny,Christoph Kny 🐍,"Barcelona, Spanien",2020-11-14
snikolov,NaN demeulemeester,London,2020-11-14
jobs_language,Jobs in Europe,,2020-11-14
CataloniaBioHT,CataloniaBio & HealthTech,Barcelona,2020-11-14
AshleyDwyer,Ashley Dwyer,United States,2020-11-14
FrikiFishBCN,FrikiFish,"Barcelona, Spain",2020-11-14
mOQIl,Chr€ri,,2020-11-14
Author_PCorrell,Patricia Correll,,2020-11-14
MCACebu,Maranatha Christian Academy,,2020-11-14
BComuGlobal,BComu Global,"Barcelona, Spain",2020-11-14
JalajRathour,Blaugrana,camp nou,2020-11-14
JalajRathour,Blaugrana,camp nou,2020-11-14
IonnusPaulus,Ioannes Spanarios,New Mexico,2020-11-14
JalajRathour,Blaugrana,camp nou,2020-11-14
JalajRathour,Blaugrana,camp nou,2020-11-14
Evgeny44392460,Evgeny,,2020-11-14
JalajRathour,Blaugrana,camp nou,2020-11-14
BCNSTUDENTS,BARCELONA STUDENTS,Barcelona,2020-11-14
officiallibtv,Linda Ikeji,"Lagos, Nigeria",2020-11-14
myhealthbookguy,Mike The Health Book Guy,"Cibolo, TX",2020-11-14
apeopleFR,Approach People FR,Paris,2020-11-14
ApproachPeople,Approach People,Ireland | France | Switzerland | Spain,2020-11-14
AnaCoelhoBXL,Ana Coelho 🎗🍀🕊🇪🇺,Europe,2020-11-14
WuJi_AYaYA,无极Ayaya🖋️,,2020-11-14
AntoniTonacho,Toni Sánchez,Barcelona. UAB,2020-11-14
MOTTEFlow,Star Lord,"Quincié-en-Beaujolais, France",2020-11-14
diba,Diputació de Barcelona,Barcelona,2020-11-14
Skorewit,Skorewit,Madrid España,2020-11-14
CarlosPatm,Carlos Patiño,"Medellín, Colombia",2020-11-14
HT_Resp,High Threat Response,,2020-11-14
benceLaky,Bence Laky,,2020-11-14
emploi_abroad,Emploi à l'étranger,France,2020-11-14
Thenotfakeme,#StandUpForCatalonia,"Alt Emporda,Catalunya via🇬🇧",2020-11-14
Bio_Jobber,BioJobber,pale blue dot,2020-11-14
Telegraph,The Telegraph,"London, UK",2020-11-14
akshit_dube,Akshit Dube,"Hyderabad, India",2020-11-14
SmartCityexpo,Smart City Expo,"Barcelona, Spain",2020-11-14
ibaiiriarte,ibai iriarte,,2020-11-14
Sports_Khabri,Sports Khabri,,2020-11-14
teki_mr,Number 1 Boy,Cognito,2020-11-14
BarcaWorldEn,Barça World,,2020-11-14
_GhostDivision,Insurgency,,2020-11-14
MapPornTweet,MapPorn,Earth,2020-11-14
RoberttaWatson,Robertta Watson,World,2020-11-14
BarneyBlues,Barney 💚🥰 #XhakaIsMyArsenalCaptain,"Tampines, Singapore",2020-11-14
ChuckDalldorf,Chuck Dalldorf,,2020-11-14
DynamicFrize,Charles Friedo Frize,"Manchester,England",2020-11-14
AdeelED,Zeus,"Lahore, islamabad, stockholm",2020-11-14
DBestrong,DontbelieveBestrong,Barcelona / Catalonia,2020-11-14
ChuDu26255560,Chu Du,US,2020-11-14
Softandwild1,Soft and Wild Society,,2020-11-14
TeamWazzaleen,TeamWazzaLeen,,2020-11-14
andsoitslife,EL🌍ATravezDeMisOjos,"Entre Ríos, Argentina",2020-11-14
Designpill_art,Design pill,Amazing Barcelona,2020-11-14
urbanworldserie,Urban World Series,Barcelona,2020-11-14
JoanSanx,Joan Sanz,Barcelona,2020-11-14
AnneArmorika22,Marie-Anne,"Bretagne, France",2020-11-14
MisionVienaOI,España ONU Viena,,2020-11-14
ChauThinh3,Chau Thinh,MA,2020-11-14
LioM10__,Arsalan Khattak,Pakistan,2020-11-14
HeadlineFutbol,Headline Football,,2020-11-14
AzrOrganization,AZR Organization,,2020-11-14
ESlanguagejobs,Europe Language Jobs- Job board for jobs abroad,Spain,2020-11-14
FFootballShirts,FFSFootballShirts,"Birmingham, England",2020-11-14
Stefano4118899,pєԀяo zєє™,Nevada ,2020-11-14
livescore,LiveScore,URL,2020-11-14
hart_engel,Hart Engel,Toronto 🇨🇦,2020-11-14
TrucLin60693405,Truc Linh,Japanese,2020-11-14
owtz69j1OSJXDPo,Рита,"Россия, Иркутск",2020-11-14
bmw5558vs,louay hammami,,2020-11-14
IBNGermany,Irish Business Network Germany,Deutschland,2020-11-14
Jsharman64,John Sharman,Rugby UK,2020-11-14
DrPatridge,Dr. Patrick Patridge,Frankfurt am Main,2020-11-14
TrungNa17512765,Trung Nam,UK,2020-11-14
FarSight3,🇦🇹 FS3 🇭🇺,,2020-11-14
FBL72,The72: EFL News,,2020-11-14
FRANCE24,FRANCE 24,"Paris, France",2020-11-14
coldAnalysis,Couch_Coach,Somewhere on the Pitch,2020-11-14
Sp0rting0pini0n,Sporting Opinion,,2020-11-14
ChablisPablis,Chablis Pablis,Bewilderness,2020-11-14
pmcheleno,Paulo Heleno,,2020-11-14
bogoroditzaDina,Dina Panayotova,Cataluña - Bulgaria,2020-11-14
SPAINinKSA,EmbEspaña en A.Saudí,"Riad, Reino de Arabia Saudi",2020-11-14
Outlookindia,Outlook Magazine,"New Delhi, India",2020-11-14
SecretFlying_eu,Secret Flying (EU),,2020-11-14
France24_en,FRANCE 24 English,"Paris, France",2020-11-14
thesuitesBCN,thesuites Barcelona,"Barcelona, España",2020-11-14
ekapic,Edin Kapić,"Barcelona, Catalonia",2020-11-14
SIRRKHAY,SIRR KHAY🇬🇭,Ghana,2020-11-14
SecretFlying,Secret Flying,,2020-11-14
Iukephelps,Luke Phelps,,2020-11-14
SIRRKHAY,SIRR KHAY🇬🇭,Ghana,2020-11-14
FBL72,The72: EFL News,,2020-11-14
_fikrikamarudin,FiQ,,2020-11-14
ESlanguagejobs,Europe Language Jobs- Job board for jobs abroad,Spain,2020-11-14
TheCollectorArt,The Collector Art Gallery,"Firenze, Toscana",2020-11-14
coky_find,Find to my coky,日本,2020-11-14
awaseman88,Awaseman88,,2020-11-14
cricketn_live,CricketnLive.com,Punjab,2020-11-14
IQSTechFactory,IQS Tech Factory,Barcelona,2020-11-14
rocioruizsa,Rocío Ruiz,,2020-11-14
BrainsreNews,Brainsre News,,2020-11-14
heikkierola,Heikki Erola,Barcelona,2020-11-14
trendsinAI,AI Bot,,2020-11-14
HayStackAIBCN,HayStack Analytica,"Barcelona, Spain",2020-11-14
Calicannabis3,Calicannabis,,2020-11-14
BechirSaied,Béchir Saïed,Germany,2020-11-14
Burtytweets,Chris Burton,,2020-11-14
lies_mo,Mo Lies,,2020-11-14
stevek9KS1TV,steve kay KS1 TV,"London, England",2020-11-14
TheTransferEx,The Transfer Exchange Show,"England, United Kingdom",2020-11-14
eltwitdegatobus,pau ricart,"Barcelona, Cataluña",2020-11-14
IsaIsaLiman1,🆅︎🅾︎🅻︎🅲︎🅺︎🆂︎🆂︎ 🔴🔴,KANO–ABUJA,2020-11-14
JFA_unijuntos,JFA-Unijuntos,France,2020-11-14
CreHerald,CRE Herald,,2020-11-14
SageCareers,Life at Sage,Global,2020-11-14
Emmytee_7,"EMMYTEE, PhD","Lagos, Nigeria ",2020-11-14
Joseph_legend10,Joseph Moses,Planent,2020-11-14
LuBo68826885,Lu Bo,US,2020-11-14
ZEE5Mena,ZEE5 - Middle East & North Africa,United Arab Emirates,2020-11-14
ZEE5CAC,ZEE5 Canada & Caribbean,Canada,2020-11-14
ZEE5APAC,ZEE5 Asia - Pacific,Singapore,2020-11-14
Zee5Africa,ZEE5 Africa,South Africa,2020-11-14
ZEE5Europe,ZEE5 Europe,United Kingdom,2020-11-14
Stefano4118899,pєԀяo zєє™,Nevada ,2020-11-14
livescore,LiveScore,URL,2020-11-14
Ray2Arsenal,Ray2Arsenal,"北京, 中华人民共和国",2020-11-14
_PrinceMake,Sp!ke🎤,,2020-11-14
WatchOurCity,WatchOurCity.com,California,2020-11-14
Alpha_Yom,Akitiolu,,2020-11-14
RilwanAbdulham2,Rilwan Abdulhamid,"Borno, Nigeria",2020-11-14
CurvesColor,Yamy Morrell,Alicante-Suiza,2020-11-14
JalajRathour,Blaugrana,camp nou,2020-11-14
Takking_gou,hatena_tao,Japan,2020-11-14
JalajRathour,Blaugrana,camp nou,2020-11-14
KlevVera,Klev & Vera Law Firm,"Barcelona, España",2020-11-14
CardsFifa21,Fifa21 Custom Cards,,2020-11-14
vanhuy65597178,van huy,,2020-11-14
SocioEconAMB,Àrea de Desenvolupament Social i Econòmic de l'AMB,"Barcelona, Espanya",2020-11-14
Barry69104159,Barry,,2020-11-14
simlewis,Simon Lewis,"Barcelona, Spain",2020-11-14
DoubleBet_eng,DoubleBet,Portugal,2020-11-14
Scorpiobets1,Scorpiobets ⚽,contact.scorpiobets@gmail.com,2020-11-14
jenkers_en,Jenkers News (ENG),San Francisco,2020-11-14
EmbEspOman,Embajada España Omán 🇪🇦🇴🇲,,2020-11-14
KushagrDixit,Kushagr Dixit,"New Delhi, India",2020-11-14
tmj_spn_eng,TMJ-SPN Engin. Jobs,Spain,2020-11-14
nomadicboys,Nomadic Boys,"London, England",2020-11-14
velasco_dani,Daniel Velasco ™,Catalunya,2020-11-14
EmbEspAtenas,Emb España en Grecia,Grecia,2020-11-14
isolutions_bcn,isolutions Barcelona,Barcelona,2020-11-14
RenatoSosua,Renato Sosua,Montreal,2020-11-14
o_kuffour,Naasei Kuffour,,2020-11-14
WatchOurCity,WatchOurCity.com,California,2020-11-14
EmbEspNicosia,EmbajadaEspañaChipre,Cyprus,2020-11-14
woodcutterBCN,woodcutter manero,Barcelona,2020-11-14
rociopenarois,Rocio Pena,,2020-11-14
betyetughana,BetYetu_Ghana,"Accra, Ghana",2020-11-14
coky_find,Find to my coky,日本,2020-11-14
Gjallarhornet,Oden,"Helsingborg, Skåne Sweden",2020-11-14
Portela_Man,Dr. Manuel Portela 🐈 🤷‍♂️,Barcelona,2020-11-14
3D_Incubator,3DFactory Incubator,"Barcelona, Spain",2020-11-14
SmartCityexpo,Smart City Expo,"Barcelona, Spain",2020-11-14
tech_eu,Tech.eu,Europe (and Israel),2020-11-14
The_Squirrel81,The Squirrel,Barbados,2020-11-14
notsrini,Srinivas Sadhanand,,2020-11-14
notsrini,Srinivas Sadhanand,,2020-11-14
mtagofficial_,More Than A Game,,2020-11-14
mtagofficial_,More Than A Game,,2020-11-14
EmbEspanaByH,Emb. España ByH,Sarajevo,2020-11-14
IanZAMMIT_sci,Ian ZAMMIT,,2020-11-14
MinhPhu45963580,Minh Phuong,korea,2020-11-14
domene_elena,Elena Domene,"Barcelona, España",2020-11-14
TravelandH,Travel and Home,South Africa,2020-11-14
Arsenalnewschan,Arsenal News Channel,,2020-11-14
Naam_Hai_Bulla,random dude,Mumbai..,2020-11-14
blaugranasaf,saf,🦉,2020-11-14
coky_find,Find to my coky,日本,2020-11-14
EmbEspanaLibano,España en Líbano,Líbano,2020-11-14
EmbEspSuiza,Emb. España en Suiza,"Berna, Suiza",2020-11-14
cricketn_live,CricketnLive.com,Punjab,2020-11-14
kedem2134,It is well with us,"Sekondi Takoradi, Ghana",2020-11-14
SunshineAdorer,Sunshine Adorer| Traveller| Travel blog,Where the sun shines. ,2020-11-14
ESlanguagejobs,Europe Language Jobs- Job board for jobs abroad,Spain,2020-11-14
DePieterdejong,Pieter de Jong,"Utrecht, The Netherlands",2020-11-14
SmartCityexpo,Smart City Expo,"Barcelona, Spain",2020-11-14
pamya13,Pranav Chaughule,"Nashik, India",2020-11-14
Kemoklidze,Ketevan Kemoklidze,"Barcelona, Spain",2020-11-14
netbuzzafrica,Netbuzz Africa,Africa,2020-11-14
wconcerthall,World Concert Hall,"Barcelona, Catalonia",2020-11-14
rah25man,ARS,,2020-11-14
SpainMFA,Spain MFA,Madrid,2020-11-14
mjchesa,mjchesa,Barcelona,2020-11-14
sarcks,sss111,,2020-11-14
N33EEJ,𝐍͟͟ 𝐇͟͟ ૐ-ᵐᶜᵐˣˣˣⁱᵛ,Birmingham,2020-11-14
QuangCh47826022,Quang Chien,usa,2020-11-14
AnotherBaller,SS customs,,2020-11-14
FootTheBall,FootTheBall,Locker Room,2020-11-14
SCOREwaterEU,SCOREwater,Tweeting in multiple languages,2020-11-14
wconcerthall,World Concert Hall,"Barcelona, Catalonia",2020-11-14
olivepress,The Olive Press,"Malaga, Spain",2020-11-14
NorakGroup,Stephan Oeller,Madrid - Munich - Hong Kong,2020-11-14
chefTomica,Tomislav Veseljak,"Barcelona, Catalonia",2020-11-14
Trijary,Прия,,2020-11-14
ThisIsDrea,ANDREW ANANE,In His Presence,2020-11-14
NowgoalScore,Nowgoal Livescore,,2020-11-14
EllZozz,⚫🔴Milan Per Sempre🔴⚫,"Leeds, England",2020-11-14
NguyenVanChat18,Nguyen Van Chat,korea,2020-11-14
365Scores,365Scores,,2020-11-14
comeinbookshop,Come In Bookshop,Barcelona,2020-11-14
ManUtdFanKe,manchester united  fans🇰🇪,"Nairobi, Kenya",2020-11-14
pau_shop,PauRicartTheShop,"08171, Sant Cugat del Vallès",2020-11-14
NowgoalScore,Nowgoal Livescore,,2020-11-14
medical_stories,Peter Sykes,Manchester,2020-11-14
taylorwfarley,taylorwfarley,"Toronto, Ontario",2020-11-14
iamtzi,@thomas@social.tzi.fr,Lyon,2020-11-14
247robby,STUDIO192.NL,"Almere, Nederland",2020-11-14
MakesFootball,Football Makes History,Europe,2020-11-14
betyetughana,BetYetu_Ghana,"Accra, Ghana",2020-11-14
sherlot21,Tushar Agrawal,"Delhi, India",2020-11-14
miltonkeynetaxi,Milton Keynes Taxi No1 Airport Transfers,Milton Keynes,2020-11-14
NorakVigo,NORAK VIGO,Vigo - Spain,2020-11-14
XuanToa67366817,Xuan Toan,USA,2020-11-14
Norakgijon,Jaime - NORAK Group,Gijón  - Spain,2020-11-14
NorakBarcelona,BCN - NORAK Group,Barcelona .- Spain,2020-11-14
NorakBarcelona,BCN - NORAK Group,Barcelona .- Spain,2020-11-14
aola1,aola11,,2020-11-14
BrodorHodor,sharktittylazerguns,on a rock floating to infinity,2020-11-14
NorakBarcelona,BCN - NORAK Group,Barcelona .- Spain,2020-11-14
ESlanguagejobs,Europe Language Jobs- Job board for jobs abroad,Spain,2020-11-14
trinidoesfly,Shanelle,"New York, NY",2020-11-14
Abuenoll,Anna Bueno Llorca,Barcelona,2020-11-14
FBall_Dreams,FBall Dreams,,2020-11-14
AzrOrganization,AZR Organization,,2020-11-14
DinhTri37683107,Dinh Tri,NY,2020-11-14
smpn_national,"Students Media Personalities, Nigeria 🌍",Nigeria,2020-11-14
FSElite,FSElite,,2020-11-14
__subwaysurfer,Subway Surfer,"South East, England",2020-11-14
DiMiOrganic,Dimitri-Δημήτρης-ديمتري,EuroMed,2020-11-14
graffiti_bot,graffiti_bot,,2020-11-14
ideararemaps,Idea Rare Maps,Brescia,2020-11-14
jobb_utomlands,Lediga Job Utomlands,Sweden,2020-11-14
KyLunasea,KLunaseaphoto,,2020-11-14
Wallspot_org,wallspot,,2020-11-14
tom_george,tom_george,"Barcelona, España",2020-11-14
Sir_Arabz,King Arab👑👑,"Kaduna, Nigeria",2020-11-14
montse_barcelo,Montse Barceló Riera,Barcelona,2020-11-14
SportsLeoAfrica,Sports Leo Africa,,2020-11-14
ESlanguagejobs,Europe Language Jobs- Job board for jobs abroad,Spain,2020-11-14
cristinajolonch,Cristina Jolonch,,2020-11-14
Est1818,Est1818,,2020-11-14
DucThan79855271,Duc Thang,JP,2020-11-14
WatchOurCity,WatchOurCity.com,California,2020-11-14
AzrOrganization,AZR Organization,,2020-11-14
clintzmix,Femi Adeleke,,2020-11-14
BcnVIPtour,VIP BCN Tour Guides,"Av: Pau Casals, 38, 2º,5ª, BCN",2020-11-14
xterradellas,Xavi Terradellas 🎗,Barcelona,2020-11-14
coky_find,Find to my coky,日本,2020-11-14
2020_crg,CRG Barcelona 2021,,2020-11-14
ChaudhuriAbir,𝐀𝐛𝐢𝐫,India,2020-11-14
winterkoffee,winterkoffee,,2020-11-14
quach_hoe,Quach Hoe,China,2020-11-14
KeyTab,KEY TAB,,2020-11-14
Guixers,Guixers,CAT Més amunt que la muntanya ,2020-11-14
goalooin_live,GoalooIN,India,2020-11-14
allnewsngr,AllNews Nigeria,Nigeria,2020-11-14
SpainSEA,Spain in S.E.A.,Indonesia,2020-11-14
jotalbotbowen,Jo Talbot Bowen,"Devon, UK",2020-11-14
emohcean,Vania,,2020-11-14
aoba,aolba,,2020-11-14
joanlopezphoto,Joan López i Casanoves,"Barcelona, Espanya",2020-11-14
ekemma,Ifeanyi Nsofor,Global,2020-11-14
InquestIntelli1,Inquest Intelligence,,2020-11-14
joanlopezphoto,Joan López i Casanoves,"Barcelona, Espanya",2020-11-14
ArgIoannid,"Argyrios Ioannidis MD, PhD(c)","Αττική, Ελλάς",2020-11-14
mbulwekatiz,mbulwe katilungu,Kitwe Zambia,2020-11-14
MichealPhyo2,Micheal Phyo,,2020-11-14
giangan84633883,giang anh,"22 Serangoon Rd, Singapore 21",2020-11-14
bcgoodsintl,bcgoodsintl,,2020-11-14
AdityaPrantik,Prantik Aditya,kolkata,2020-11-14
Wakawa_Hamid,♟🧗🏽Eques,"Keffi, Nigeria",2020-11-14
TanThuyHoan2,Tan Thuy Hoan,CHiNa,2020-11-14
FootTheBall,FootTheBall,Locker Room,2020-11-14
Nova88official,Nova88,,2020-11-14
papillesetM,François Chartier,"Barcelona, Montreal.",2020-11-14
MisuMisuRecords,Misu Misu Records,"Marbella, España",2020-11-14
AbagyinaProf,PROF COLLINS ABAGYINA,,2020-11-14
Ivliane4,Ivliane,,2020-11-14
AlexanderSri11,👑 Alexander Srivastava👑,,2020-11-14
coky_find,Find to my coky,日本,2020-11-14
Bennie_Daas,CEO 🤫 🇰🇪 🇹🇿 🇰🇲 🇲🇬 🇲🇼 🇲🇿 🇿🇼 🇿🇲🇺🇬,Nairobery ,2020-11-14
Outlookindia,Outlook Magazine,"New Delhi, India",2020-11-14
PhuongB31129509,Phuong Binh,VN,2020-11-14
IndianExpress,The Indian Express,India,2020-11-14
sportstarweb,Sportstar,,2020-11-14
IExpressSports,Express Sports,New Delhi,2020-11-14
latestly,LatestLY,"Mumbai, India",2020-11-14
goalooin_live,GoalooIN,India,2020-11-14
Xmentalist1,Xmentalist,,2020-11-14
digitaljournal,Digital Journal,Global,2020-11-14
CGTNSports,CGTN Sports,"Beijing, China",2020-11-14
wconcerthall,World Concert Hall,"Barcelona, Catalonia",2020-11-14
EngineersDay,Engineering Daily,"Atlanta, GA USA",2020-11-14
FCB_AFCupdate,Lee,대한민국,2020-11-14
goalooco,GoalooMobi,Indonesia,2020-11-14
TrungNa90962709,Trung Nam,UK,2020-11-14
kollerhead,CharlieKoller,The Internet,2020-11-14
Lizzyalmarzcall,Elizabeth Almaraz,,2020-11-14
PakPassionSport,PakPassion Sport,,2020-11-14
anirpaul,Anirban Paul,"Kolkata, India",2020-11-14
e5929,will,,2020-11-14
e5929,will,,2020-11-14
iamfootball77,I am Football,,2020-11-14
byH_Leitenbauer,HUBERT LEITENBAUER,AUSTRIA - EUROPE - WORLDWIDE,2020-11-14
aliyu_waziri,Aliyu waziri,"Kaduna, Nigeria",2020-11-14
Faujijpn_,Fauji #RikudoSennin🇲🇨🇵🇸🇯🇵,Indonesia,2020-11-14
Kaly53937991,Kaly,,2020-11-14
ThePolishedEdge,The Polished Edge,"Kansas City, MO",2020-11-14
lucky1017,Anne M. Kavanagh 🐘,Ireland,2020-11-14
digital_mar,digital Marine,"Wien, Österreich",2020-11-14
hrodriguez66,Hernán Rodríguez M.,"Cali, Colombia",2020-11-14
iotforall,IoT For All,United States,2020-11-14
BrownTwidder,Bad News,,2020-11-14
palectric,Paolo Manenti #SixStarFinisher,Milano ITA ⚪️⚫️JUVE! SE worker,2020-11-14
FootyZoneNet,FootyZone.net,,2020-11-14
ernnews,ernnews,,2020-11-14
SpiritualCrypt1,Wizz the SlotPro,London,2020-11-14
esberginia,Esbergínia ·.,"Barcelona, CAT.",2020-11-14
grafiti,grafitesque,Melbourne,2020-11-14
HillThalisAUP,HillThalisArch,"Sydney, Australia",2020-11-14
MediaCulturedUK,Media Cultured CIC,UK,2020-11-14
NewDayStarts,Ivan Humble,Lowestoft - England,2020-11-14
petesflorida,liberal voice,"Florida, USA",2020-11-14
kspaintravel,KSpain Travel and Leisure,"Bilbao, España",2020-11-14
MiquelRPlanas,Miquel Rodriguez Planas,"Barcelona, Catalunya",2020-11-14
AmjidKhazir,Amjid Khazir,The duniya,2020-11-14
wysyq,wysyq,NaziluÑa (🇪🇸),2020-11-14
WallaceNamar,Game Fantasy Official,,2020-11-14
graffiti_bot,graffiti_bot,,2020-11-14
iolanda_mh,Born in BCN,,2020-11-14
HaertschD,David Haertsch,"Sydney, New South Wales",2020-11-14
62Bigben,Sara 🇪🇸🇪🇺,"Tabarnia, Spain",2020-11-14
rjl_rjl1111,J-L,,2020-11-14
Leo_Proettel,Leo_Proettel,"Braunschweig, Europe",2020-11-14
stafe76,stefano portelli,"Rome, Italy",2020-11-14
jrdbcn,JRDBCN - Jordi Saez - Barcelona Photographer,"Barcelona, Spain",2020-11-14
planman55,Ross Nimmo,,2020-11-14
victoriawalks,Victoria Walks,"Victoria, Australia",2020-11-14
andraspapp,Andras Papp,"Geneva, Switzerland",2020-11-14
catomaro,Toni Garcia,,2020-11-14
Barcinno,Barcinno,"Barcelona, Spain",2020-11-14
love2day240,Love Emily,"Federal Capital Territory, Nig",2020-11-14
tribescam,cameron,"Galway, Ireland",2020-11-14
Alvaro88840498,Alvaro,,2020-11-14
publicspaceCCCB,publicspace,Barcelona,2020-11-14
abdullahaddas,د. عبدالله عداسDr.Abdullah Addas,"Jeddah, Makkah Al Mukarrama",2020-11-14
IvanBruce,Ivan Bruce,Washington DC,2020-11-14
KyleWOrton,Kyle Orton,"London and Wirral, Britain",2020-11-14
alexlockton1,alex lockton #renewables,,2020-11-14
StreetopiaUWS,Streetopia Upper West Side,"Upper West Side, Manhattan",2020-11-14
LURNING2,LURNING,,2020-11-14
graffiti_bot,graffiti_bot,,2020-11-14
therfer,Therfer,Biosfera,2020-11-14
BrycePilz,Bryce Pilz,"Ann Arbor, MI",2020-11-14
theclique_uk,The Cliqué - Bloggers RT,"North West, England",2020-11-14
ChesteTrocola,Italo  Bombolini,,2020-11-14
BobisTheresa,Theresa Bobis,,2020-11-14
SportMobApp,SportMob,"Dubai, United Arab Emirates ❤",2020-11-14
BobisTheresa,Theresa Bobis,,2020-11-14
bensitges501,Nudist Men,,2020-11-14
ArchitectSladja,Slađana Lazarević,"Podgorica, Montenegro ",2020-11-14
sp1873,shahan petrossian,,2020-11-14
vincenzogermano,Opera23,Barcelona,2020-11-14
aola,aola,,2020-11-14
carstenw11,Carsten Wüstenberg,"Herrenhof, Deutschland",2020-11-14
EmploiEspagne,EmploiExpatEspagne,Espagne,2020-11-14
places_calling,PlaceMatt,Unceded Kulin Nations land,2020-11-14
Brototi,Brototi Roy,"Barcelona, Spain",2020-11-14
fotosymbiose,Johannes Meger,Freiburg im Breisgau,2020-11-14
ersu1880,gönül akyar,türkiye İstanbul,2020-11-14
Cristob81777882,Cristobal Francisco Cora,,2020-11-14
carmencortesvid,Carmen Cortés,,2020-11-14
Wallspot_org,wallspot,,2020-11-14
KABRASS101,Kevin Brass,"San Diego, CA",2020-11-14
christianlipa,Christian Lipa,La Paz - Bolivia,2020-11-14
AshaSin24116510,Asha Singh,,2020-11-14
SosteniblesOrg,Sostenibles.org,Barcelona,2020-11-14
footballmemorys,Football Memories,Football pics from the past,2020-11-14
PSG24hours,PSG en Direct 🌐,Parc des Princes,2020-11-14
researchmrx,MRX,New Jersey,2020-11-14
xvilapueyo,Xavier Vila,Barcelona,2020-11-14
academia_l,l.ACADEMIA,,2020-11-14
Laietafm,Laia,Barcelona,2020-11-14
CitiesForum_org,CITIES FORUM,Global ,2020-11-14
LondonsFinestQU,London's Finest,,2020-11-14
xavimatilla,Xavi Matilla,Barcelona/Terrassa,2020-11-14
LiamSD12,Liam Duffy,"London, England",2020-11-14
GlobetrotterVr,Globetrotter VR,,2020-11-14
Ivalanton,Valentin Antón Domín,,2020-11-14
FaithBu78980425,Faith Burns,,2020-11-14
masqtrading,𝐹𝑒𝓁𝒾𝓅𝑒 Ⓜ️,Barcelona,2020-11-14
AnnaCountessK,Countess Anna,"Studio City, Los Angeles",2020-11-14
WatchOurCity,WatchOurCity.com,California,2020-11-14
Mohamma20946036,Mohammad Allam,Lebanon,2020-11-14
diffusereality,Diffuse Reality,,2020-11-14
neilmartinson,Neil Martinson,Snowdonia,2020-11-14
RationalAlien,Rational Alien,,2020-11-14
SimonMarincic,Simeon Orbis,"Toronto, Ontario, Canada",2020-11-14
AirfareSpot,Airfare Spot,United States,2020-11-14
WatchOurCity,WatchOurCity.com,California,2020-11-14
Remogaming,Remo Gaming,,2020-11-14
SolomonSeal6,SolomonSeal,"EU, RT=argree or worth noting",2020-11-14
EuropeanUnionC,European Union Club,,2020-11-14
KMaster49620335,KMasters,,2020-11-14
urbanitaeterin,Beatrice Stude,Vienna | Europe,2020-11-14
StadDoha_en,Stad Doha,Qatar,2020-11-14
healthylifeofsu,Suzie W,United Kingdom,2020-11-14
sasj,SarahJenkinson,,2020-11-14
shirtstopcorner,Top Corner Shirts,"London, Great Britain",2020-11-14
TallerGingell,Taller Gingell Ceramics,"Barcelona, Spain",2020-11-14
Lloyd_Dsouza03,Lloyd Dsouza,,2020-11-14
ExpatExchange,Expat Exchange,United States,2020-11-14
Alpha_Yom,Akitiolu,,2020-11-14
lori_clydesdale,Lori Clydesdale,"California, USA",2020-11-14
arbeitsplatz_EU,German Jobs Abroad,Germany,2020-11-14
firstpost,Firstpost,"Mumbai, India",2020-11-14
FirstpostSports,Firstpost Sports,India,2020-11-14
xaviercusso,Xavier Cussó,Barcelona—Remote,2020-11-14
alex93cy,Alexandros Kyriacou,Cyprus,2020-11-14
24Feast,Football Feast 24,,2020-11-14
NikolasKozloff,Nikolas Kozloff,"Brooklyn, NY",2020-11-14
BellaPisman,Bella Pisman,,2020-11-14
FootyKitMarket,Football Kit Market,"Nottingham, England",2020-11-14
TravelingWithS,Cathy Sweeney,"Scottsdale, AZ",2020-11-14
StandingRivers,Standing Rivers,,2020-11-14
jenkers_en,Jenkers News (ENG),San Francisco,2020-11-14
ngoamazing2009,Liverpool Mama,Nigeria,2020-11-14
cleanerair,Downwinders at Risk,Downwind,2020-11-14
NomadicBrits,Look at our World,Currently in the UK,2020-11-14
elCampeone,MOJ ملکאוסמה,uXbRiDgE/ IslAMaBAD,2020-11-14
Stefan_Laurell,Stefan Laurell,Sweden,2020-11-14
ELIANT_ELIAS,E L I A N T - E L I A S,"Barcelona, Spain",2020-11-14
mflarad,Maria Fernanda Lara,Bogotà,2020-11-14
SFotonium,Sotirios Papathanasiou,Spain,2020-11-14
gulf_news,Gulf News,United Arab Emirates,2020-11-14
diffusereality,Diffuse Reality,,2020-11-14
AbaturRama,Abatur Rama,"Stockholm, Sverige",2020-11-14
DianaEscobarVi1,Diana Escobar Vicent,"Barcelona, España",2020-11-14
moore2nick,Nicholas Moore,Dubai,2020-11-14
SoccerWalksNYC,Soccer Walks NYC,"New York, NY",2020-11-14
PerumalSports,Perumal,,2020-11-14
jobely,Jobely.com,USA,2020-11-14
TheOnlyTaps,Tapiwa Winston Muza,Zidane's basement,2020-11-14
DiegoLorijn,Diego Lorijn,"Barcelona, Spain",2020-11-14
AppeningWhats,whats appening podcast,,2020-11-14
WatchOurCity,WatchOurCity.com,California,2020-11-14
IExpressSports,Express Sports,New Delhi,2020-11-14
bibliotequesXBM,BibliotequesXBM,Barcelona,2020-11-14
grecil_lab,Grecil Lab (UOC-UB),"Barcelona, Cataluña",2020-11-14
m3_artworks,𝕸3_𝖆𝖗𝖙𝖜𝖔𝖗𝖐𝖘,"Barcelona, España",2020-11-14
InsideSportIND,InsideSport,"नई दिल्ली, भारत",2020-11-14
GauthamSingh152,Gautham Singh Lodh 🍁,"Hyderabad, India",2020-11-14
dnas,DNAs,India,2020-11-14
hautahbuhgee,Curtis D. Hutcherson,korea,2020-11-14
NiaOlivaB,Estefania Oliva Bust,"Santiago, Chile",2020-11-14
ESlanguagejobs1,aduim11,Spain,2020-11-14
OrujosElCoteron,🍇 Orujos El Coterón ⚗︎,Argüébanes-Liébana-Cantabria,2020-11-14
oman90,without,"Muscat, Oman",2020-11-14
betsmasterpro,Williams Iwu,"Jos,Nigeria",2020-11-14
IntelliTraveler,Intelligent Traveler,,2020-11-14
liveScore,Livescore,Celta,2020-11-14
Hangar_orgss,Hangar.orgss,"Emilia Coranty, 16. Barcelona",2020-11-14
FilmMusicTracks,Film Music Tracks,World,2020-11-14
Sarao_Music,SaraoMusic,Production Music Label,2020-11-14
ghostntmachine,GhostintheMachine,"EastEnd, London",2020-11-14
f1fanview,f1fanview,Worldwide,2020-11-14
PeterArde,Pietro Ardemagni,"Milano, Lombardia",2020-11-14
snoddas1a3,Pisse Mugga,,2020-11-14
swajones,Sam Jones,,2020-11-14
noreenwriters,Noreen Kompanikss,"San Diego, CA",2020-11-14
75LT75,TI75Lima75,,2020-11-14
p,p,,2020-11-14
DevMicrocosm,Dev Microcosm,,2020-11-14
fiddi,David Schneider,"Barcelona, Spain",2020-11-14
Taktiskse,Taktisk,,2020-11-14
myfoodfantasy69,Charles Friedo Frize,"Manchester, England",2020-11-14
EpaddockIT,Epaddock,Italia 🇮🇹 🏁,2020-11-14
Laura_GastroN,Laura Díaz Cañadas,"Miraflores de la Sierra, España",2020-11-14
Laura_GastroN,Laura Díaz Cañadas,"Miraflores de la Sierra, España",2020-11-14
SkillsearchJobs,SkillsearchGamesJobs,,2020-11-14
FrikiFishBCN,FrikiFish,"Barcelona, Spain",2020-11-14
Gabriels_Mok,Mr Mok,Barcelona-Spain,2020-11-14
AgilentCareers,Agilent Careers,Worldwide,2020-11-14
marcosbustabad,marcos bustabad,,2020-11-14
carrersBCN,Carrers BCN,"Barcelona, Spain",2020-11-14
Vineet1016,38th Parallel,"Kaech'ŏn, DPRK 🇰🇵",2020-11-14
CanalanzaCBD,Club Cannabis Canalanza,"Puerto del carmen, Lanzarote, ",2020-11-14
HarleyD74475812,Harley Davidson,,2020-11-14
ghostntmachine,GhostintheMachine,"EastEnd, London",2020-11-14
TheTravelBag1,The Travel Bag,,2020-11-14
Ariadnaclapes,Ariadna Clapés,,2020-11-14
adrianferrari,Adrian Ferrari,Sorocaba - SP / Brasil,2020-11-14
JacobOke3,Jacob Oke,"Imo, Nigeria",2020-11-14
AmakaAgwu2,Amaka Agwu,"Lagos, Nigeria",2020-11-14
TundeOshodi5,Tunde Oshodi,"Ogun, Nigeria",2020-11-14
mayowa_yemi,Yemi Mayowa,"Kano, Nigeria",2020-11-14
MagnusRanstorp,Magnus Ranstorp,Stockholm,2020-11-14
CFOPUBREL,CHARLES IGBINIDU,Nigeria,2020-11-14
BisolaJohn1,Bisola John,"Ogun, Nigeria",2020-11-14
Christi07205035,Christian Ifeanyi,"Asaba, Nigeria",2020-11-14
NwosuGift9,Nwosu Gift,"Abuja, Nigeria",2020-11-14
SSusannaturisme,Santa Susanna,"Santa Susanna, España",2020-11-14
BisolaJohn1,Bisola John,"Ogun, Nigeria",2020-11-14
phacus_bcn,Francesc Camí,"Barcelona, Catalunya",2020-11-14
DevMicrocosm,Dev Microcosm,,2020-11-14
BerlinFmi,FMI BERLIN,,2020-11-14
Andreilinho,Andreilinho,,2020-11-14
daniguties,Dani Gutiérrez,"Masquefa, Barcelona",2020-11-14
WatchOurCity,WatchOurCity.com,California,2020-11-14
VMurzio,Veronica Murzio,"Translator, Customer Care",2020-11-14
AnnikaPatregna1,Annika Patregnani,,2020-11-14
zprcampbell,Zac Campbell,"London, England",2020-11-14
Hangry_es,Hangry,Madrid,2020-11-14
SMARTEESproject,SMARTEESproject,Europe,2020-11-14
ascameorg,ASCAME 🌍,Barcelona,2020-11-14
petitejean1,jeannie,,2020-11-14
SkillsearchJobs,SkillsearchGamesJobs,,2020-11-14
izziey68,izziddeen Adam,"kaduna, Nigeria ",2020-11-14
DominiqueDebay,Dominique Debay,Manhattan - New York,2020-11-14
raffpantucci,Raffaello Pantucci,,2020-11-14
SecretsAndSpies,Secrets & Spies Podcast (The Dry CleanerCast),Worldwide & Behind you :),2020-11-14
WillBaldet,William Baldét MBE,United Kingdom,2020-11-14
OlivierGuitta,Olivier Guitta,London,2020-11-14
tigrillovlog,fan de tigrillovlog,Santa cruz de tenerife,2020-11-14
TorivoJobs,Torivo,United Kingdom,2020-11-14
TorivoJobs,Torivo,United Kingdom,2020-11-14
EngineersDay,Engineering Daily,"Atlanta, GA USA",2020-11-14
EngineersDay,Engineering Daily,"Atlanta, GA USA",2020-11-14
DOLFINHO4,DOLFINHO,,2020-11-14
Rahul_Jain_Here,Rahul Jain,,2020-11-14
LucidXtreme,LucidXtreme,Earth,2020-11-14
HeadlineFutbol,Headline Football,,2020-11-14
onedayoneimage,OneDay Photography,"Brooklyn, NY",2020-11-14
enriclopezj,Enric López Jurado/♥️🇪🇺,Barcelona / Brussels,2020-11-14
Sportsmonks,SportsMonks,worldwide,2020-11-14
ChopFishandMore,ChopFish&More,Nigeria,2020-11-14
PapatyaKaradede,Papatya Karadede,"İstanbul, Türkiye",2020-11-14
tripstations,Tripstations,United States,2020-11-14
Barcinno,Barcinno,"Barcelona, Spain",2020-11-14
grepUPF,Prosodic Studies Group (GrEP),"Barcelona, Catalunya",2020-11-14
Tuko_co_ke,Tuko.co.ke,"Nairobi, Kenya",2020-11-14
Sirkomayalee1,Godisgood,,2020-11-14
JuliaFloritPons,Júlia Florit-Pons,Barcelona; Menorca,2020-11-14
thesuitesBCN,thesuites Barcelona,"Barcelona, España",2020-11-14
Never1Surrender,Iglesias Etxezarreta,Barcelona,2020-11-14
ESlanguagejobs,Europe Language Jobs- Job board for jobs abroad,Spain,2020-11-14
betsihill,"Betsi, Betsi's World","Florida, USA",2020-11-14
sle7in1,Sle7in,,2020-11-14
sle7in1,Sle7in,,2020-11-14
MBenedejcic,Minca Benedejčič,Ljubljana,2020-11-14
citiesthefuture,Cities Of The Future,Barcelona,2020-11-14
Timoalan,Timo Alan,"Cape Town, South Africa",2020-11-14
glee_sports,GleeSports,,2020-11-14
ErimConsulting,ERIM Consulting,Global,2020-11-14
_Wanderlusters_,Wanderlusters,,2020-11-14
AllegoryPR,Lisa Morales,Miami,2020-11-14
isolutions_bcn,isolutions Barcelona,Barcelona,2020-11-14
davi326,Andrew Davis,"London, England",2020-11-14
RUZA1234,Ruairi O'Brien-Kelly,"Melbourne, Australia",2020-11-14
ingridvilag,"Ingrid Vilà-Giménez, PhD","Girona-Barcelona, Catalunya",2020-11-14
emploi_abroad,Emploi à l'étranger,France,2020-11-14
aethon99,AETHON,,2020-11-14
IvicaPodnar,ivica,the centre of toronto,2020-11-14
iam_lil_jojo,Usman Jaafaru Abubakar,Nigeria,2020-11-14
ESlanguagejobs,Europe Language Jobs- Job board for jobs abroad,Spain,2020-11-14
SMARTEESproject,SMARTEESproject,Europe,2020-11-14
Drbawa11,🥇Isma’eel B🥇,"Shika, Nigeria",2020-11-14
Runkyc_,U_M_M_I_E🌺,,2020-11-14
9ja_phonestore,9japhonestore | KADUNA CARS,MAKARFI PLAZA KADUNA,2020-11-14
BoxesStores,Lightbox Good Man,United States,2020-11-14
evacarbo1,Eva Carbó Estrada,"Barcelona, Catalunya",2020-11-14
JorgeH_NunezCOT,Jorge H. Núñez,Barcelona,2020-11-14
livescore,LiveScore,URL,2020-11-14
Takking_gou,hatena_tao,Japan,2020-11-14
agoraphobic101,Nabin (Riqui Puig FC),Kathmandu,2020-11-14
hart_engel,Hart Engel,Toronto 🇨🇦,2020-11-14
nitl_app,NITL,Global,2020-11-14
LeVanKh83996937,Le Van Khai,laos,2020-11-14
9mPjdqBOpmXEpat,Ирина П,,2020-11-14
EU_group,EU Business School,"BCN, GVA, MTX, MUC",2020-11-14
BartHanssens,Bart Hanssens,Belgium,2020-11-14
onomsalam2pas,onom,,2020-11-14
citiesthefuture,Cities Of The Future,Barcelona,2020-11-14
rocioruizsa,Rocío Ruiz,,2020-11-14
BrainsreNews,Brainsre News,,2020-11-14
StephanosEco,Stephanos Economides,"Athens, Greece",2020-11-14
Joinup_eu,Joinup.eu,"Brussels, Belgium",2020-11-14
iMarketingHotel,Ramona Kramp,D - Bayern und ES - Malaga,2020-11-14
camnnine,çämērøń,Gaillimh,2020-11-14
grecil_lab,Grecil Lab (UOC-UB),"Barcelona, Cataluña",2020-11-14
m3_artworks,𝕸3_𝖆𝖗𝖙𝖜𝖔𝖗𝖐𝖘,"Barcelona, España",2020-11-14
InsideSportIND,InsideSport,"नई दिल्ली, भारत",2020-11-14
GauthamSingh152,Gautham Singh Lodh 🍁,"Hyderabad, India",2020-11-14
dna,DNA,India,2020-11-14
hautahbuhgee,Curtis D. Hutcherson,korea,2020-11-14
NiaOlivaB,Estefania Oliva Bust,"Santiago, Chile",2020-11-14
ESlanguagejobs,Europe Language Jobs- Job board for jobs abroad,Spain,2020-11-14
OrujosElCoteron,🍇 Orujos El Coterón ⚗︎,Argüébanes-Liébana-Cantabria,2020-11-14
oman170490,𝓃.𝓇.𝓃𝒶𝓇𝒶𝓎𝒶𝓃 ᴡɪᴛʜᴏᴜᴛ ᴍᴀʟɪᴄᴇ ɪɴ 🐥 ʟᴀɴᴅ 🌹,"Muscat, Oman",2020-11-14
betsmasterpro,Williams Iwu,"Jos,Nigeria",2020-11-14
IntelliTraveler,Intelligent Traveler,,2020-11-14
aaa,aska,japan,2020-11-14
livescore,LiveScore,URL,2020-11-14
Hangar_org,Hangar.org,"Emilia Coranty, 16. Barcelona",2020-11-14